expected_local,expected_utc,wake_local,scheduled_arrival_count,scheduled_arrival_ids,new_scheduled_deployment_before_wake,new_any_deployment_before_wake,deployment_ids_before_wake,latest_deployment_id,deployment_age_at_wake_minutes
2026-10-02T04:47:00-06:00,2026-10-02T10:47:00+00:00,2026-10-02T05:00:00-06:00,0,,False,False,,36952156045,557.55
2026-10-02T05:17:00-06:00,2026-10-02T11:17:00+00:00,2026-10-02T05:30:00-06:00,0,,False,False,,36952156045,587.55
2026-10-02T05:47:00-06:00,2026-10-02T11:47:00+00:00,2026-10-02T06:00:00-06:00,0,,False,False,,36952156045,617.55
2026-10-02T06:17:00-06:00,2026-10-02T12:17:00+00:00,2026-10-02T06:30:00-06:00,0,,False,False,,36952156045,647.55
2026-10-02T06:47:00-06:00,2026-10-02T12:47:00+00:00,2026-10-02T07:00:00-06:00,0,,False,False,,36952156045,677.55
2026-10-02T07:17:00-06:00,2026-10-02T13:17:00+00:00,2026-10-02T07:30:00-06:00,0,,False,False,,36952156045,707.55
2026-10-02T07:47:00-06:00,2026-10-02T13:47:00+00:00,2026-10-02T08:00:00-06:00,0,,False,False,,36952156045,737.55
2026-10-02T08:17:00-06:00,2026-10-02T14:17:00+00:00,2026-10-02T08:30:00-06:00,0,,False,False,,36952156045,767.55
2026-10-02T08:47:00-06:00,2026-10-02T14:47:00+00:00,2026-10-02T09:00:00-06:00,0,,False,False,,36952156045,797.55
2026-10-02T09:17:00-06:00,2026-10-02T15:17:00+00:00,2026-10-02T09:30:00-06:00,0,,False,False,,36952156045,827.55
2026-10-02T09:47:00-06:00,2026-10-02T15:47:00+00:00,2026-10-02T10:00:00-06:00,0,,False,False,,36952156045,857.55
2026-10-02T10:17:00-06:00,2026-10-02T16:17:00+00:00,2026-10-02T10:30:00-06:00,2,37033504050;37035259567,True,True,37033504050,37033504050,6.45
2026-10-02T10:47:00-06:00,2026-10-02T16:47:00+00:00,2026-10-02T11:00:00-06:00,0,,True,True,37035259567,37035259567,21.15
2026-10-02T11:17:00-06:00,2026-10-02T17:17:00+00:00,2026-10-02T11:30:00-06:00,0,,False,False,,37035259567,51.15
2026-10-02T11:47:00-06:00,2026-10-02T17:47:00+00:00,2026-10-02T12:00:00-06:00,0,,False,False,,37035259567,81.15
2026-10-02T12:17:00-06:00,2026-10-02T18:17:00+00:00,2026-10-02T12:30:00-06:00,0,,False,False,,37035259567,111.15
2026-10-02T12:47:00-06:00,2026-10-02T18:47:00+00:00,2026-10-02T13:00:00-06:00,0,,False,False,,37035259567,141.15
2026-10-02T13:17:00-06:00,2026-10-02T19:17:00+00:00,2026-10-02T13:30:00-06:00,0,,False,False,,37035259567,171.15
2026-10-02T13:47:00-06:00,2026-10-02T19:47:00+00:00,2026-10-02T14:00:00-06:00,0,,False,False,,37035259567,201.15
2026-10-02T14:17:00-06:00,2026-10-02T20:17:00+00:00,2026-10-02T14:30:00-06:00,0,,False,False,,37035259567,231.15
2026-10-02T14:47:00-06:00,2026-10-02T20:47:00+00:00,2026-10-02T15:00:00-06:00,1,37064057231,False,False,,37035259567,261.15
2026-10-02T15:17:00-06:00,2026-10-02T21:17:00+00:00,2026-10-02T15:30:00-06:00,0,,True,True,37064057231,37064057231,29.883
2026-10-02T15:47:00-06:00,2026-10-02T21:47:00+00:00,2026-10-02T16:00:00-06:00,0,,False,False,,37064057231,59.883
2026-10-02T16:17:00-06:00,2026-10-02T22:17:00+00:00,2026-10-02T16:30:00-06:00,0,,False,False,,37064057231,89.883
2026-10-02T16:47:00-06:00,2026-10-02T22:47:00+00:00,2026-10-02T17:00:00-06:00,0,,False,False,,37064057231,119.883
2026-10-02T17:17:00-06:00,2026-10-02T23:17:00+00:00,2026-10-02T17:30:00-06:00,0,,False,False,,37064057231,149.883
2026-10-02T17:47:00-06:00,2026-10-02T23:47:00+00:00,2026-10-02T18:00:00-06:00,0,,False,False,,37064057231,179.883
2026-10-02T18:17:00-06:00,2026-10-03T00:17:00+00:00,2026-10-02T18:30:00-06:00,1,37082351586,False,False,,37064057231,209.883
2026-10-02T18:47:00-06:00,2026-10-03T00:47:00+00:00,2026-10-02T19:00:00-06:00,0,,True,True,37082351586,37082351586,28.1
2026-10-02T19:17:00-06:00,2026-10-03T01:17:00+00:00,2026-10-02T19:30:00-06:00,0,,False,False,,37082351586,58.1
2026-10-02T19:47:00-06:00,2026-10-03T01:47:00+00:00,2026-10-02T20:00:00-06:00,0,,False,False,,37082351586,88.1
2026-10-02T20:17:00-06:00,2026-10-03T02:17:00+00:00,2026-10-02T20:30:00-06:00,0,,False,False,,37082351586,118.1
2026-10-02T20:47:00-06:00,2026-10-03T02:47:00+00:00,2026-10-02T21:00:00-06:00,0,,False,False,,37082351586,148.1
2026-10-02T21:17:00-06:00,2026-10-03T03:17:00+00:00,2026-10-02T21:30:00-06:00,0,,False,False,,37082351586,178.1
2026-10-02T21:47:00-06:00,2026-10-03T03:47:00+00:00,2026-10-02T22:00:00-06:00,0,,False,False,,37082351586,208.1
2026-10-03T04:47:00-06:00,2026-10-03T10:47:00+00:00,2026-10-03T05:00:00-06:00,0,,False,False,,37082351586,628.1
2026-10-03T05:17:00-06:00,2026-10-03T11:17:00+00:00,2026-10-03T05:30:00-06:00,0,,False,False,,37082351586,658.1
2026-10-03T05:47:00-06:00,2026-10-03T11:47:00+00:00,2026-10-03T06:00:00-06:00,0,,False,False,,37082351586,688.1
2026-10-03T06:17:00-06:00,2026-10-03T12:17:00+00:00,2026-10-03T06:30:00-06:00,0,,False,False,,37082351586,718.1
2026-10-03T06:47:00-06:00,2026-10-03T12:47:00+00:00,2026-10-03T07:00:00-06:00,0,,False,False,,37082351586,748.1
2026-10-03T07:17:00-06:00,2026-10-03T13:17:00+00:00,2026-10-03T07:30:00-06:00,0,,False,False,,37082351586,778.1
2026-10-03T07:47:00-06:00,2026-10-03T13:47:00+00:00,2026-10-03T08:00:00-06:00,0,,False,False,,37082351586,808.1
2026-10-03T08:17:00-06:00,2026-10-03T14:17:00+00:00,2026-10-03T08:30:00-06:00,0,,False,False,,37082351586,838.1
2026-10-03T08:47:00-06:00,2026-10-03T14:47:00+00:00,2026-10-03T09:00:00-06:00,2,37131454377;37132181220,True,True,37131454377,37131454377,2.617
2026-10-03T09:17:00-06:00,2026-10-03T15:17:00+00:00,2026-10-03T09:30:00-06:00,0,,True,True,37132181220,37132181220,20.933
2026-10-03T09:47:00-06:00,2026-10-03T15:47:00+00:00,2026-10-03T10:00:00-06:00,0,,False,False,,37132181220,50.933
2026-10-03T10:17:00-06:00,2026-10-03T16:17:00+00:00,2026-10-03T10:30:00-06:00,0,,False,False,,37132181220,80.933
2026-10-03T10:47:00-06:00,2026-10-03T16:47:00+00:00,2026-10-03T11:00:00-06:00,0,,False,False,,37132181220,110.933
2026-10-03T11:17:00-06:00,2026-10-03T17:17:00+00:00,2026-10-03T11:30:00-06:00,0,,False,False,,37132181220,140.933
2026-10-03T11:47:00-06:00,2026-10-03T17:47:00+00:00,2026-10-03T12:00:00-06:00,0,,False,False,,37132181220,170.933
2026-10-03T12:17:00-06:00,2026-10-03T18:17:00+00:00,2026-10-03T12:30:00-06:00,1,37145127935,False,False,,37132181220,200.933
2026-10-03T12:47:00-06:00,2026-10-03T18:47:00+00:00,2026-10-03T13:00:00-06:00,0,,True,True,37145127935,37145127935,18.017
2026-10-03T13:17:00-06:00,2026-10-03T19:17:00+00:00,2026-10-03T13:30:00-06:00,0,,False,False,,37145127935,48.017
2026-10-03T13:47:00-06:00,2026-10-03T19:47:00+00:00,2026-10-03T14:00:00-06:00,0,,False,False,,37145127935,78.017
2026-10-03T14:17:00-06:00,2026-10-03T20:17:00+00:00,2026-10-03T14:30:00-06:00,0,,False,False,,37145127935,108.017
2026-10-03T14:47:00-06:00,2026-10-03T20:47:00+00:00,2026-10-03T15:00:00-06:00,0,,False,False,,37145127935,138.017
2026-10-03T15:17:00-06:00,2026-10-03T21:17:00+00:00,2026-10-03T15:30:00-06:00,0,,False,False,,37145127935,168.017
2026-10-03T15:47:00-06:00,2026-10-03T21:47:00+00:00,2026-10-03T16:00:00-06:00,1,37156273084,True,True,37156273084,37156273084,12.167
2026-10-03T16:17:00-06:00,2026-10-03T22:17:00+00:00,2026-10-03T16:30:00-06:00,0,,False,False,,37156273084,42.167
2026-10-03T16:47:00-06:00,2026-10-03T22:47:00+00:00,2026-10-03T17:00:00-06:00,0,,False,False,,37156273084,72.167
2026-10-03T17:17:00-06:00,2026-10-03T23:17:00+00:00,2026-10-03T17:30:00-06:00,0,,False,False,,37156273084,102.167
2026-10-03T17:47:00-06:00,2026-10-03T23:47:00+00:00,2026-10-03T18:00:00-06:00,0,,False,False,,37156273084,132.167
2026-10-03T18:17:00-06:00,2026-10-04T00:17:00+00:00,2026-10-03T18:30:00-06:00,1,37165516127,False,False,,37156273084,162.167
2026-10-03T18:47:00-06:00,2026-10-04T00:47:00+00:00,2026-10-03T19:00:00-06:00,0,,True,True,37165516127,37165516127,21.8
2026-10-03T19:17:00-06:00,2026-10-04T01:17:00+00:00,2026-10-03T19:30:00-06:00,0,,False,False,,37165516127,51.8
2026-10-03T19:47:00-06:00,2026-10-04T01:47:00+00:00,2026-10-03T20:00:00-06:00,0,,False,False,,37165516127,81.8
2026-10-03T20:17:00-06:00,2026-10-04T02:17:00+00:00,2026-10-03T20:30:00-06:00,0,,False,False,,37165516127,111.8
2026-10-03T20:47:00-06:00,2026-10-04T02:47:00+00:00,2026-10-03T21:00:00-06:00,0,,False,False,,37165516127,141.8
2026-10-03T21:17:00-06:00,2026-10-04T03:17:00+00:00,2026-10-03T21:30:00-06:00,0,,False,False,,37165516127,171.8
2026-10-03T21:47:00-06:00,2026-10-04T03:47:00+00:00,2026-10-03T22:00:00-06:00,0,,False,False,,37165516127,201.8
2026-10-04T04:47:00-06:00,2026-10-04T10:47:00+00:00,2026-10-04T05:00:00-06:00,0,,False,False,,37165516127,621.8
2026-10-04T05:17:00-06:00,2026-10-04T11:17:00+00:00,2026-10-04T05:30:00-06:00,0,,False,False,,37165516127,651.8
2026-10-04T05:47:00-06:00,2026-10-04T11:47:00+00:00,2026-10-04T06:00:00-06:00,0,,False,False,,37165516127,681.8
2026-10-04T06:17:00-06:00,2026-10-04T12:17:00+00:00,2026-10-04T06:30:00-06:00,0,,False,False,,37165516127,711.8
2026-10-04T06:47:00-06:00,2026-10-04T12:47:00+00:00,2026-10-04T07:00:00-06:00,0,,False,False,,37165516127,741.8
2026-10-04T07:17:00-06:00,2026-10-04T13:17:00+00:00,2026-10-04T07:30:00-06:00,0,,False,False,,37165516127,771.8
2026-10-04T07:47:00-06:00,2026-10-04T13:47:00+00:00,2026-10-04T08:00:00-06:00,0,,False,False,,37165516127,801.8
2026-10-04T08:17:00-06:00,2026-10-04T14:17:00+00:00,2026-10-04T08:30:00-06:00,0,,False,False,,37165516127,831.8
2026-10-04T08:47:00-06:00,2026-10-04T14:47:00+00:00,2026-10-04T09:00:00-06:00,0,,False,False,,37165516127,861.8
2026-10-04T09:17:00-06:00,2026-10-04T15:17:00+00:00,2026-10-04T09:30:00-06:00,1,37213272872,False,False,,37165516127,891.8
2026-10-04T09:47:00-06:00,2026-10-04T15:47:00+00:00,2026-10-04T10:00:00-06:00,1,37214373720,True,True,37213272872;37214373720,37214373720,10.75
2026-10-04T10:17:00-06:00,2026-10-04T16:17:00+00:00,2026-10-04T10:30:00-06:00,0,,False,False,,37214373720,40.75
2026-10-04T10:47:00-06:00,2026-10-04T16:47:00+00:00,2026-10-04T11:00:00-06:00,0,,False,False,,37214373720,70.75
2026-10-04T11:17:00-06:00,2026-10-04T17:17:00+00:00,2026-10-04T11:30:00-06:00,0,,False,False,,37214373720,100.75
2026-10-04T11:47:00-06:00,2026-10-04T17:47:00+00:00,2026-10-04T12:00:00-06:00,0,,False,False,,37214373720,130.75
2026-10-04T12:17:00-06:00,2026-10-04T18:17:00+00:00,2026-10-04T12:30:00-06:00,0,,False,False,,37214373720,160.75
2026-10-04T12:47:00-06:00,2026-10-04T18:47:00+00:00,2026-10-04T13:00:00-06:00,0,,False,False,,37214373720,190.75
2026-10-04T13:17:00-06:00,2026-10-04T19:17:00+00:00,2026-10-04T13:30:00-06:00,1,37229006032,False,False,,37214373720,220.75
2026-10-04T13:47:00-06:00,2026-10-04T19:47:00+00:00,2026-10-04T14:00:00-06:00,0,,True,True,37229006032,37229006032,21.383
2026-10-04T14:17:00-06:00,2026-10-04T20:17:00+00:00,2026-10-04T14:30:00-06:00,0,,False,False,,37229006032,51.383
2026-10-04T14:47:00-06:00,2026-10-04T20:47:00+00:00,2026-10-04T15:00:00-06:00,0,,False,False,,37229006032,81.383
2026-10-04T15:17:00-06:00,2026-10-04T21:17:00+00:00,2026-10-04T15:30:00-06:00,0,,False,False,,37229006032,111.383
2026-10-04T15:47:00-06:00,2026-10-04T21:47:00+00:00,2026-10-04T16:00:00-06:00,0,,False,False,,37229006032,141.383
2026-10-04T16:17:00-06:00,2026-10-04T22:17:00+00:00,2026-10-04T16:30:00-06:00,1,37240366261,False,False,,37229006032,171.383
2026-10-04T16:47:00-06:00,2026-10-04T22:47:00+00:00,2026-10-04T17:00:00-06:00,0,,True,True,37240366261,37240366261,26.933
2026-10-04T17:17:00-06:00,2026-10-04T23:17:00+00:00,2026-10-04T17:30:00-06:00,0,,False,False,,37240366261,56.933
2026-10-04T17:47:00-06:00,2026-10-04T23:47:00+00:00,2026-10-04T18:00:00-06:00,0,,False,False,,37240366261,86.933
2026-10-04T18:17:00-06:00,2026-10-05T00:17:00+00:00,2026-10-04T18:30:00-06:00,0,,False,False,,37240366261,116.933
2026-10-04T18:47:00-06:00,2026-10-05T00:47:00+00:00,2026-10-04T19:00:00-06:00,0,,False,False,,37240366261,146.933
2026-10-04T19:17:00-06:00,2026-10-05T01:17:00+00:00,2026-10-04T19:30:00-06:00,1,37250856272,True,True,37250856272,37250856272,11.467
2026-10-04T19:47:00-06:00,2026-10-05T01:47:00+00:00,2026-10-04T20:00:00-06:00,0,,False,False,,37250856272,41.467
2026-10-04T20:17:00-06:00,2026-10-05T02:17:00+00:00,2026-10-04T20:30:00-06:00,0,,False,False,,37250856272,71.467
2026-10-04T20:47:00-06:00,2026-10-05T02:47:00+00:00,2026-10-04T21:00:00-06:00,0,,False,False,,37250856272,101.467
2026-10-04T21:17:00-06:00,2026-10-05T03:17:00+00:00,2026-10-04T21:30:00-06:00,0,,False,False,,37250856272,131.467
2026-10-04T21:47:00-06:00,2026-10-05T03:47:00+00:00,2026-10-04T22:00:00-06:00,0,,False,False,,37250856272,161.467
2026-10-05T04:47:00-06:00,2026-10-05T10:47:00+00:00,2026-10-05T05:00:00-06:00,0,,False,False,,37250856272,581.467
2026-10-05T05:17:00-06:00,2026-10-05T11:17:00+00:00,2026-10-05T05:30:00-06:00,0,,False,False,,37250856272,611.467
2026-10-05T05:47:00-06:00,2026-10-05T11:47:00+00:00,2026-10-05T06:00:00-06:00,0,,False,False,,37250856272,641.467
2026-10-05T06:17:00-06:00,2026-10-05T12:17:00+00:00,2026-10-05T06:30:00-06:00,0,,False,False,,37250856272,671.467
2026-10-05T06:47:00-06:00,2026-10-05T12:47:00+00:00,2026-10-05T07:00:00-06:00,0,,False,False,,37250856272,701.467
2026-10-05T07:17:00-06:00,2026-10-05T13:17:00+00:00,2026-10-05T07:30:00-06:00,0,,False,False,,37250856272,731.467
2026-10-05T07:47:00-06:00,2026-10-05T13:47:00+00:00,2026-10-05T08:00:00-06:00,0,,False,False,,37250856272,761.467
2026-10-05T08:17:00-06:00,2026-10-05T14:17:00+00:00,2026-10-05T08:30:00-06:00,0,,False,False,,37250856272,791.467
2026-10-05T08:47:00-06:00,2026-10-05T14:47:00+00:00,2026-10-05T09:00:00-06:00,0,,False,False,,37250856272,821.467
2026-10-05T09:17:00-06:00,2026-10-05T15:17:00+00:00,2026-10-05T09:30:00-06:00,0,,False,False,,37250856272,851.467
2026-10-05T09:47:00-06:00,2026-10-05T15:47:00+00:00,2026-10-05T10:00:00-06:00,0,,False,False,,37250856272,881.467
2026-10-05T10:17:00-06:00,2026-10-05T16:17:00+00:00,2026-10-05T10:30:00-06:00,0,,False,False,,37250856272,911.467
2026-10-05T10:47:00-06:00,2026-10-05T16:47:00+00:00,2026-10-05T11:00:00-06:00,0,,False,False,,37250856272,941.467
2026-10-05T11:17:00-06:00,2026-10-05T17:17:00+00:00,2026-10-05T11:30:00-06:00,0,,False,False,,37250856272,971.467
2026-10-05T11:47:00-06:00,2026-10-05T17:47:00+00:00,2026-10-05T12:00:00-06:00,0,,False,False,,37250856272,1001.467
2026-10-05T12:17:00-06:00,2026-10-05T18:17:00+00:00,2026-10-05T12:30:00-06:00,0,,False,False,,37250856272,1031.467
2026-10-05T12:47:00-06:00,2026-10-05T18:47:00+00:00,2026-10-05T13:00:00-06:00,0,,False,False,,37250856272,1061.467
2026-10-05T13:17:00-06:00,2026-10-05T19:17:00+00:00,2026-10-05T13:30:00-06:00,2,37363110513;37364601630,False,False,,37250856272,1091.467
2026-10-05T13:47:00-06:00,2026-10-05T19:47:00+00:00,2026-10-05T14:00:00-06:00,0,,True,True,37363110513;37364601630,37364601630,12.683
2026-10-05T14:17:00-06:00,2026-10-05T20:17:00+00:00,2026-10-05T14:30:00-06:00,0,,False,False,,37364601630,42.683
2026-10-05T14:47:00-06:00,2026-10-05T20:47:00+00:00,2026-10-05T15:00:00-06:00,0,,False,False,,37364601630,72.683
2026-10-05T15:17:00-06:00,2026-10-05T21:17:00+00:00,2026-10-05T15:30:00-06:00,0,,False,False,,37364601630,102.683
2026-10-05T15:47:00-06:00,2026-10-05T21:47:00+00:00,2026-10-05T16:00:00-06:00,0,,False,False,,37364601630,132.683
2026-10-05T16:17:00-06:00,2026-10-05T22:17:00+00:00,2026-10-05T16:30:00-06:00,0,,False,False,,37364601630,162.683
2026-10-05T16:47:00-06:00,2026-10-05T22:47:00+00:00,2026-10-05T17:00:00-06:00,0,,False,False,,37364601630,192.683
2026-10-05T17:17:00-06:00,2026-10-05T23:17:00+00:00,2026-10-05T17:30:00-06:00,0,,False,False,,37364601630,222.683
2026-10-05T17:47:00-06:00,2026-10-05T23:47:00+00:00,2026-10-05T18:00:00-06:00,0,,False,False,,37364601630,252.683
2026-10-05T18:17:00-06:00,2026-10-06T00:17:00+00:00,2026-10-05T18:30:00-06:00,0,,False,False,,37364601630,282.683
2026-10-05T18:47:00-06:00,2026-10-06T00:47:00+00:00,2026-10-05T19:00:00-06:00,1,37396702777,True,True,37396702777,37396702777,1.533
2026-10-05T19:17:00-06:00,2026-10-06T01:17:00+00:00,2026-10-05T19:30:00-06:00,0,,False,False,,37396702777,31.533
2026-10-05T19:47:00-06:00,2026-10-06T01:47:00+00:00,2026-10-05T20:00:00-06:00,0,,False,False,,37396702777,61.533
2026-10-05T20:17:00-06:00,2026-10-06T02:17:00+00:00,2026-10-05T20:30:00-06:00,0,,False,False,,37396702777,91.533
2026-10-05T20:47:00-06:00,2026-10-06T02:47:00+00:00,2026-10-05T21:00:00-06:00,0,,False,False,,37396702777,121.533
2026-10-05T21:17:00-06:00,2026-10-06T03:17:00+00:00,2026-10-05T21:30:00-06:00,0,,False,False,,37396702777,151.533
2026-10-05T21:47:00-06:00,2026-10-06T03:47:00+00:00,2026-10-05T22:00:00-06:00,0,,False,False,,37396702777,181.533
2026-10-06T04:47:00-06:00,2026-10-06T10:47:00+00:00,2026-10-06T05:00:00-06:00,0,,False,False,,37396702777,601.533
2026-10-06T05:17:00-06:00,2026-10-06T11:17:00+00:00,2026-10-06T05:30:00-06:00,0,,False,False,,37396702777,631.533
2026-10-06T05:47:00-06:00,2026-10-06T11:47:00+00:00,2026-10-06T06:00:00-06:00,0,,False,False,,37396702777,661.533
2026-10-06T06:17:00-06:00,2026-10-06T12:17:00+00:00,2026-10-06T06:30:00-06:00,0,,False,False,,37396702777,691.533
2026-10-06T06:47:00-06:00,2026-10-06T12:47:00+00:00,2026-10-06T07:00:00-06:00,0,,False,False,,37396702777,721.533
2026-10-06T07:17:00-06:00,2026-10-06T13:17:00+00:00,2026-10-06T07:30:00-06:00,0,,False,False,,37396702777,751.533
2026-10-06T07:47:00-06:00,2026-10-06T13:47:00+00:00,2026-10-06T08:00:00-06:00,0,,False,False,,37396702777,781.533
2026-10-06T08:17:00-06:00,2026-10-06T14:17:00+00:00,2026-10-06T08:30:00-06:00,0,,False,False,,37396702777,811.533
2026-10-06T08:47:00-06:00,2026-10-06T14:47:00+00:00,2026-10-06T09:00:00-06:00,0,,False,False,,37396702777,841.533
2026-10-06T09:17:00-06:00,2026-10-06T15:17:00+00:00,2026-10-06T09:30:00-06:00,0,,False,False,,37396702777,871.533
2026-10-06T09:47:00-06:00,2026-10-06T15:47:00+00:00,2026-10-06T10:00:00-06:00,0,,False,False,,37396702777,901.533
2026-10-06T10:17:00-06:00,2026-10-06T16:17:00+00:00,2026-10-06T10:30:00-06:00,0,,False,False,,37396702777,931.533
2026-10-06T10:47:00-06:00,2026-10-06T16:47:00+00:00,2026-10-06T11:00:00-06:00,2,37499691432;37501574549,True,True,37499691432,37499691432,2.417
2026-10-06T11:17:00-06:00,2026-10-06T17:17:00+00:00,2026-10-06T11:30:00-06:00,0,,True,True,37501574549,37501574549,18.017
2026-10-06T11:47:00-06:00,2026-10-06T17:47:00+00:00,2026-10-06T12:00:00-06:00,0,,False,False,,37501574549,48.017
2026-10-06T12:17:00-06:00,2026-10-06T18:17:00+00:00,2026-10-06T12:30:00-06:00,0,,False,False,,37501574549,78.017
2026-10-06T12:47:00-06:00,2026-10-06T18:47:00+00:00,2026-10-06T13:00:00-06:00,0,,False,False,,37501574549,108.017
2026-10-06T13:17:00-06:00,2026-10-06T19:17:00+00:00,2026-10-06T13:30:00-06:00,0,,False,False,,37501574549,138.017
2026-10-06T13:47:00-06:00,2026-10-06T19:47:00+00:00,2026-10-06T14:00:00-06:00,0,,False,False,,37501574549,168.017
2026-10-06T14:17:00-06:00,2026-10-06T20:17:00+00:00,2026-10-06T14:30:00-06:00,0,,False,False,,37501574549,198.017
2026-10-06T14:47:00-06:00,2026-10-06T20:47:00+00:00,2026-10-06T15:00:00-06:00,0,,False,False,,37501574549,228.017
2026-10-06T15:17:00-06:00,2026-10-06T21:17:00+00:00,2026-10-06T15:30:00-06:00,1,37535205506,False,False,,37501574549,258.017
2026-10-06T15:47:00-06:00,2026-10-06T21:47:00+00:00,2026-10-06T16:00:00-06:00,0,,True,True,37535205506,37535205506,21.417
2026-10-06T16:17:00-06:00,2026-10-06T22:17:00+00:00,2026-10-06T16:30:00-06:00,0,,False,False,,37535205506,51.417
2026-10-06T16:47:00-06:00,2026-10-06T22:47:00+00:00,2026-10-06T17:00:00-06:00,0,,False,False,,37535205506,81.417
2026-10-06T17:17:00-06:00,2026-10-06T23:17:00+00:00,2026-10-06T17:30:00-06:00,0,,False,False,,37535205506,111.417
2026-10-06T17:47:00-06:00,2026-10-06T23:47:00+00:00,2026-10-06T18:00:00-06:00,0,,False,False,,37535205506,141.417
2026-10-06T18:17:00-06:00,2026-10-07T00:17:00+00:00,2026-10-06T18:30:00-06:00,0,,False,False,,37535205506,171.417
2026-10-06T18:47:00-06:00,2026-10-07T00:47:00+00:00,2026-10-06T19:00:00-06:00,1,37555000554,False,False,,37535205506,201.417
2026-10-06T19:17:00-06:00,2026-10-07T01:17:00+00:00,2026-10-06T19:30:00-06:00,0,,True,True,37555000554,37555000554,27.85
2026-10-06T19:47:00-06:00,2026-10-07T01:47:00+00:00,2026-10-06T20:00:00-06:00,0,,False,False,,37555000554,57.85
2026-10-06T20:17:00-06:00,2026-10-07T02:17:00+00:00,2026-10-06T20:30:00-06:00,0,,False,False,,37555000554,87.85
2026-10-06T20:47:00-06:00,2026-10-07T02:47:00+00:00,2026-10-06T21:00:00-06:00,0,,False,False,,37555000554,117.85
2026-10-06T21:17:00-06:00,2026-10-07T03:17:00+00:00,2026-10-06T21:30:00-06:00,0,,False,False,,37555000554,147.85
2026-10-06T21:47:00-06:00,2026-10-07T03:47:00+00:00,2026-10-06T22:00:00-06:00,0,,False,False,,37555000554,177.85
2026-10-07T04:47:00-06:00,2026-10-07T10:47:00+00:00,2026-10-07T05:00:00-06:00,0,,False,False,,37555000554,597.85
2026-10-07T05:17:00-06:00,2026-10-07T11:17:00+00:00,2026-10-07T05:30:00-06:00,0,,False,False,,37555000554,627.85
2026-10-07T05:47:00-06:00,2026-10-07T11:47:00+00:00,2026-10-07T06:00:00-06:00,0,,False,False,,37555000554,657.85
2026-10-07T06:17:00-06:00,2026-10-07T12:17:00+00:00,2026-10-07T06:30:00-06:00,0,,False,False,,37555000554,687.85
2026-10-07T06:47:00-06:00,2026-10-07T12:47:00+00:00,2026-10-07T07:00:00-06:00,0,,False,False,,37555000554,717.85
2026-10-07T07:17:00-06:00,2026-10-07T13:17:00+00:00,2026-10-07T07:30:00-06:00,0,,False,False,,37555000554,747.85
2026-10-07T07:47:00-06:00,2026-10-07T13:47:00+00:00,2026-10-07T08:00:00-06:00,0,,False,False,,37555000554,777.85
2026-10-07T08:17:00-06:00,2026-10-07T14:17:00+00:00,2026-10-07T08:30:00-06:00,0,,False,False,,37555000554,807.85
2026-10-07T08:47:00-06:00,2026-10-07T14:47:00+00:00,2026-10-07T09:00:00-06:00,0,,False,False,,37555000554,837.85
2026-10-07T09:17:00-06:00,2026-10-07T15:17:00+00:00,2026-10-07T09:30:00-06:00,0,,False,False,,37555000554,867.85
2026-10-07T09:47:00-06:00,2026-10-07T15:47:00+00:00,2026-10-07T10:00:00-06:00,0,,False,False,,37555000554,897.85
2026-10-07T10:17:00-06:00,2026-10-07T16:17:00+00:00,2026-10-07T10:30:00-06:00,0,,False,False,,37555000554,927.85
2026-10-07T10:47:00-06:00,2026-10-07T16:47:00+00:00,2026-10-07T11:00:00-06:00,0,,False,False,,37555000554,957.85
2026-10-07T11:17:00-06:00,2026-10-07T17:17:00+00:00,2026-10-07T11:30:00-06:00,1,37659951411,False,False,,37555000554,987.85
2026-10-07T11:47:00-06:00,2026-10-07T17:47:00+00:00,2026-10-07T12:00:00-06:00,1,37662026106,True,True,37659951411;37662026106,37662026106,9.25
2026-10-07T12:17:00-06:00,2026-10-07T18:17:00+00:00,2026-10-07T12:30:00-06:00,0,,False,False,,37662026106,39.25
2026-10-07T12:47:00-06:00,2026-10-07T18:47:00+00:00,2026-10-07T13:00:00-06:00,0,,False,False,,37662026106,69.25
2026-10-07T13:17:00-06:00,2026-10-07T19:17:00+00:00,2026-10-07T13:30:00-06:00,0,,False,False,,37662026106,99.25
2026-10-07T13:47:00-06:00,2026-10-07T19:47:00+00:00,2026-10-07T14:00:00-06:00,0,,False,False,,37662026106,129.25
2026-10-07T14:17:00-06:00,2026-10-07T20:17:00+00:00,2026-10-07T14:30:00-06:00,0,,False,False,,37662026106,159.25
2026-10-07T14:47:00-06:00,2026-10-07T20:47:00+00:00,2026-10-07T15:00:00-06:00,0,,False,False,,37662026106,189.25
2026-10-07T15:17:00-06:00,2026-10-07T21:17:00+00:00,2026-10-07T15:30:00-06:00,0,,False,False,,37662026106,219.25
2026-10-07T15:47:00-06:00,2026-10-07T21:47:00+00:00,2026-10-07T16:00:00-06:00,0,,False,False,,37662026106,249.25
2026-10-07T16:17:00-06:00,2026-10-07T22:17:00+00:00,2026-10-07T16:30:00-06:00,0,,False,False,,37662026106,279.25
2026-10-07T16:47:00-06:00,2026-10-07T22:47:00+00:00,2026-10-07T17:00:00-06:00,1,37700215698,False,False,,37662026106,309.25
2026-10-07T17:17:00-06:00,2026-10-07T23:17:00+00:00,2026-10-07T17:30:00-06:00,0,,True,True,37700215698,37700215698,23.683
2026-10-07T17:47:00-06:00,2026-10-07T23:47:00+00:00,2026-10-07T18:00:00-06:00,0,,False,False,,37700215698,53.683
2026-10-07T18:17:00-06:00,2026-10-08T00:17:00+00:00,2026-10-07T18:30:00-06:00,0,,False,False,,37700215698,83.683
2026-10-07T18:47:00-06:00,2026-10-08T00:47:00+00:00,2026-10-07T19:00:00-06:00,0,,False,False,,37700215698,113.683
2026-10-07T19:17:00-06:00,2026-10-08T01:17:00+00:00,2026-10-07T19:30:00-06:00,0,,False,False,,37700215698,143.683
2026-10-07T19:47:00-06:00,2026-10-08T01:47:00+00:00,2026-10-07T20:00:00-06:00,0,,False,False,,37700215698,173.683
2026-10-07T20:17:00-06:00,2026-10-08T02:17:00+00:00,2026-10-07T20:30:00-06:00,1,37719125866,False,False,,37700215698,203.683
2026-10-07T20:47:00-06:00,2026-10-08T02:47:00+00:00,2026-10-07T21:00:00-06:00,0,,True,True,37719125866,37719125866,17.267
2026-10-07T21:17:00-06:00,2026-10-08T03:17:00+00:00,2026-10-07T21:30:00-06:00,0,,False,False,,37719125866,47.267
2026-10-07T21:47:00-06:00,2026-10-08T03:47:00+00:00,2026-10-07T22:00:00-06:00,0,,False,True,37724074874,37724074874,15.617
2026-10-08T04:47:00-06:00,2026-10-08T10:47:00+00:00,2026-10-08T05:00:00-06:00,0,,False,False,,37724074874,435.617
2026-10-08T05:17:00-06:00,2026-10-08T11:17:00+00:00,2026-10-08T05:30:00-06:00,0,,False,False,,37724074874,465.617
2026-10-08T05:47:00-06:00,2026-10-08T11:47:00+00:00,2026-10-08T06:00:00-06:00,0,,False,False,,37724074874,495.617
2026-10-08T06:17:00-06:00,2026-10-08T12:17:00+00:00,2026-10-08T06:30:00-06:00,0,,False,False,,37724074874,525.617
2026-10-08T06:47:00-06:00,2026-10-08T12:47:00+00:00,2026-10-08T07:00:00-06:00,0,,False,False,,37724074874,555.617
2026-10-08T07:17:00-06:00,2026-10-08T13:17:00+00:00,2026-10-08T07:30:00-06:00,0,,False,False,,37724074874,585.617
2026-10-08T07:47:00-06:00,2026-10-08T13:47:00+00:00,2026-10-08T08:00:00-06:00,0,,False,False,,37724074874,615.617
2026-10-08T08:17:00-06:00,2026-10-08T14:17:00+00:00,2026-10-08T08:30:00-06:00,0,,False,False,,37724074874,645.617
2026-10-08T08:47:00-06:00,2026-10-08T14:47:00+00:00,2026-10-08T09:00:00-06:00,0,,False,False,,37724074874,675.617
2026-10-08T09:17:00-06:00,2026-10-08T15:17:00+00:00,2026-10-08T09:30:00-06:00,0,,False,False,,37724074874,705.617
2026-10-08T09:47:00-06:00,2026-10-08T15:47:00+00:00,2026-10-08T10:00:00-06:00,0,,False,False,,37724074874,735.617
2026-10-08T10:17:00-06:00,2026-10-08T16:17:00+00:00,2026-10-08T10:30:00-06:00,0,,False,False,,37724074874,765.617
2026-10-08T10:47:00-06:00,2026-10-08T16:47:00+00:00,2026-10-08T11:00:00-06:00,0,,False,False,,37724074874,795.617
2026-10-08T11:17:00-06:00,2026-10-08T17:17:00+00:00,2026-10-08T11:30:00-06:00,1,37817891911,False,False,,37724074874,825.617
2026-10-08T11:47:00-06:00,2026-10-08T17:47:00+00:00,2026-10-08T12:00:00-06:00,1,37819925386,True,True,37817891911;37819925386,37819925386,6.65
2026-10-08T12:17:00-06:00,2026-10-08T18:17:00+00:00,2026-10-08T12:30:00-06:00,0,,False,False,,37819925386,36.65
2026-10-08T12:47:00-06:00,2026-10-08T18:47:00+00:00,2026-10-08T13:00:00-06:00,0,,False,False,,37819925386,66.65
2026-10-08T13:17:00-06:00,2026-10-08T19:17:00+00:00,2026-10-08T13:30:00-06:00,0,,False,False,,37819925386,96.65
2026-10-08T13:47:00-06:00,2026-10-08T19:47:00+00:00,2026-10-08T14:00:00-06:00,0,,False,False,,37819925386,126.65
2026-10-08T14:17:00-06:00,2026-10-08T20:17:00+00:00,2026-10-08T14:30:00-06:00,0,,False,False,,37819925386,156.65
2026-10-08T14:47:00-06:00,2026-10-08T20:47:00+00:00,2026-10-08T15:00:00-06:00,0,,False,False,,37819925386,186.65
2026-10-08T15:17:00-06:00,2026-10-08T21:17:00+00:00,2026-10-08T15:30:00-06:00,0,,False,False,,37819925386,216.65
2026-10-08T15:47:00-06:00,2026-10-08T21:47:00+00:00,2026-10-08T16:00:00-06:00,0,,False,False,,37819925386,246.65
2026-10-08T16:17:00-06:00,2026-10-08T22:17:00+00:00,2026-10-08T16:30:00-06:00,0,,False,False,,37819925386,276.65
2026-10-08T16:47:00-06:00,2026-10-08T22:47:00+00:00,2026-10-08T17:00:00-06:00,0,,False,False,,37819925386,306.65
2026-10-08T17:17:00-06:00,2026-10-08T23:17:00+00:00,2026-10-08T17:30:00-06:00,1,37858950587,True,True,37858950587,37858950587,8.05
2026-10-08T17:47:00-06:00,2026-10-08T23:47:00+00:00,2026-10-08T18:00:00-06:00,0,,False,False,,37858950587,38.05
2026-10-08T18:17:00-06:00,2026-10-09T00:17:00+00:00,2026-10-08T18:30:00-06:00,0,,False,False,,37858950587,68.05
2026-10-08T18:47:00-06:00,2026-10-09T00:47:00+00:00,2026-10-08T19:00:00-06:00,0,,False,False,,37858950587,98.05
2026-10-08T19:17:00-06:00,2026-10-09T01:17:00+00:00,2026-10-08T19:30:00-06:00,0,,False,False,,37858950587,128.05
2026-10-08T19:47:00-06:00,2026-10-09T01:47:00+00:00,2026-10-08T20:00:00-06:00,0,,False,False,,37858950587,158.05
2026-10-08T20:17:00-06:00,2026-10-09T02:17:00+00:00,2026-10-08T20:30:00-06:00,0,,False,False,,37858950587,188.05
2026-10-08T20:47:00-06:00,2026-10-09T02:47:00+00:00,2026-10-08T21:00:00-06:00,1,37877592741,False,False,,37858950587,218.05
2026-10-08T21:17:00-06:00,2026-10-09T03:17:00+00:00,2026-10-08T21:30:00-06:00,0,,True,True,37877592741,37877592741,24.417
2026-10-08T21:47:00-06:00,2026-10-09T03:47:00+00:00,2026-10-08T22:00:00-06:00,0,,False,False,,37877592741,54.417
